tweet_id	event
1106973535153647616	cyclone_idai_2019
1039582971190239232	hurricane_florence_2018
906395406468349957	hurricane_irma_2017
910557757123723264	hurricane_maria_2017
910587188752007168	hurricane_maria_2017
910638927530229760	hurricane_maria_2017
910720388656779264	hurricane_maria_2017
911668187065753600	hurricane_maria_2017
914345345185976325	hurricane_maria_2017
910615402530476032	puebla_mexico_earthquake_2017
910633004497747969	puebla_mexico_earthquake_2017
910650386951708672	puebla_mexico_earthquake_2017
910693964990287872	puebla_mexico_earthquake_2017
910724762732654592	puebla_mexico_earthquake_2017
911634098883633157	puebla_mexico_earthquake_2017
914336483380625408	puebla_mexico_earthquake_2017
